n,auc_mean,auc_std,n_reps
12,,,0
18,,,0
24,0.671875,0.15195258748964158,8
30,0.7517361111111112,0.07098975104257246,8
36,0.8208333333333333,,1
