metric,accuracy,auc,f1,precision,recall,n_samples,n_correct
LOO_overall,0.5833333333333334,0.6884615384615385,0.6938775510204082,0.7391304347826086,0.6538461538461539,36,21
